{"cameraMode":{"drawMode":0,"name":"Shaded","section":"Shading Mode"},"sceneLighting":false,"audioPlay":false,"sceneViewState":{"m_AlwaysRefresh":false,"showFog":true,"showSkybox":false,"showFlares":true,"showImageEffects":true,"showParticleSystems":true,"showVisualEffectGraphs":true,"m_FxEnabled":true},"in2DMode":false,"pivot":{"x":0.9009459614753723,"y":4.715718746185303,"z":-6.217904090881348},"rotation":{"x":0.29902780055999758,"y":-0.08117043226957321,"z":0.02551790326833725,"w":0.9504548907279968},"size":0.8660253882408142,"orthographic":false}