{"cameraMode":{"drawMode":0,"name":"Shaded","section":"Shading Mode"},"sceneLighting":true,"audioPlay":false,"sceneViewState":{"m_AlwaysRefresh":false,"showFog":true,"showSkybox":true,"showFlares":true,"showImageEffects":true,"showParticleSystems":true,"showVisualEffectGraphs":true,"m_FxEnabled":true},"in2DMode":false,"pivot":{"x":-11.783849716186524,"y":-6.410399913787842,"z":-24.504989624023439},"rotation":{"x":-0.029467394575476648,"y":0.9662865400314331,"z":-0.1285925656557083,"w":-0.22116954624652863},"size":14.651572227478028,"orthographic":false}