{"cameraMode":{"drawMode":0,"name":"Shaded","section":"Shading Mode"},"sceneLighting":false,"audioPlay":false,"sceneViewState":{"m_AlwaysRefresh":false,"showFog":true,"showSkybox":false,"showFlares":true,"showImageEffects":true,"showParticleSystems":true,"showVisualEffectGraphs":true,"m_FxEnabled":true},"in2DMode":false,"pivot":{"x":0.3386688232421875,"y":-0.622467041015625,"z":2.3305587768554689},"rotation":{"x":-0.004584683105349541,"y":0.9919052720069885,"z":-0.12142327427864075,"w":-0.037225283682346347},"size":16.863834381103517,"orthographic":false}